{
  "1 0 0": {
    "ok": true,
    "ldkit": 259.35602500000016,
    "query": 113.36782500000015
  },
  "2 0 0": {
    "ok": true,
    "ldkit": 145.9830999999997,
    "query": 120.26019999999983
  },
  "3 0 0": {
    "ok": true,
    "ldkit": 182.95062499999995,
    "query": 164.85877499999992
  },
  "4 0 0": {
    "ok": true,
    "ldkit": 211.21449999999982,
    "query": 188.0849250000001
  },
  "5 0 0": {
    "ok": true,
    "ldkit": 288.1949625000011,
    "query": 254.67058749999978
  },
  "6 0 0": {
    "ok": true,
    "ldkit": 273.74796249999963,
    "query": 240.89390000000003
  },
  "7 0 0": {
    "ok": true,
    "ldkit": 294.57772500000056,
    "query": 260.15794999999935
  },
  "8 0 0": {
    "ok": true,
    "ldkit": 317.1858250000005,
    "query": 304.3310500000007
  },
  "9 0 0": {
    "ok": true,
    "ldkit": 348.3095250000015,
    "query": 318.1802874999994
  },
  "10 0 0": {
    "ok": true,
    "ldkit": 373.6350999999995,
    "query": 358.9701625000007
  },
  "0 0 1": {
    "ok": true,
    "ldkit": 223.3031000000001,
    "query": 196.54695000000083
  },
  "0 0 2": {
    "ok": true,
    "ldkit": 358.12796249999974,
    "query": 332.27137499999844
  },
  "0 0 3": {
    "ok": true,
    "ldkit": 491.27642500000184,
    "query": 471.02710000000116
  },
  "0 0 4": {
    "ok": true,
    "ldkit": 641.1395750000011,
    "query": 606.388612499999
  },
  "0 0 5": {
    "ok": true,
    "ldkit": 782.5919999999951,
    "query": 734.5693124999998
  },
  "0 0 6": {
    "ok": true,
    "ldkit": 934.7983625000015,
    "query": 886.8798874999957
  },
  "0 0 7": {
    "ok": true,
    "ldkit": 1144.5207000000064,
    "query": 1063.3190374999995
  },
  "0 0 8": {
    "ok": true,
    "ldkit": 1223.189887499997,
    "query": 1152.1353375000035
  },
  "0 0 9": {
    "ok": true,
    "ldkit": 1352.5721749999939,
    "query": 1271.636424999997
  },
  "0 0 10": {
    "ok": true,
    "ldkit": 1507.1498249999968,
    "query": 1398.4836125000002
  },
  "0 1 0": {
    "ok": true,
    "ldkit": 177.75637499999357,
    "query": 150.78650000000198
  },
  "0 2 0": {
    "ok": true,
    "ldkit": 367.68396250000296,
    "query": 354.30938750000496
  },
  "0 3 0": {
    "ok": true,
    "ldkit": 574.1751874999973,
    "query": 557.1295249999966
  },
  "0 4 0": {
    "ok": true,
    "ldkit": 1262.43145,
    "query": 1229.460212500002
  },
  "0 5 0": {
    "ok": true,
    "ldkit": 3194.900849999991,
    "query": 3131.893524999992
  },
  "0 6 0": {
    "ok": true,
    "ldkit": 9079.426387499996,
    "query": 9049.679787500005
  },
  "0 7 0": {
    "ok": false,
    "ldkit": -1,
    "query": -1
  },
  "0 8 0": {
    "ok": false,
    "ldkit": -1,
    "query": -1
  },
  "0 9 0": {
    "ok": false,
    "ldkit": -1,
    "query": -1
  },
  "0 10 0": {
    "ok": false,
    "ldkit": -1,
    "query": -1
  },
  "1 0 1": {
    "ok": true,
    "ldkit": 339.4748500000569,
    "query": 288.18227499998466
  },
  "2 0 2": {
    "ok": true,
    "ldkit": 483.4633374999976,
    "query": 430.9774374999979
  },
  "3 0 3": {
    "ok": true,
    "ldkit": 631.46007500001,
    "query": 605.0910874999972
  },
  "4 0 4": {
    "ok": true,
    "ldkit": 797.7328250000137,
    "query": 766.9614124999789
  },
  "5 0 5": {
    "ok": true,
    "ldkit": 978.200512499956,
    "query": 925.8590750000149
  },
  "6 0 6": {
    "ok": true,
    "ldkit": 1264.4972874999803,
    "query": 1182.3349375000107
  },
  "7 0 7": {
    "ok": true,
    "ldkit": 1345.340875000009,
    "query": 1263.2669874999847
  },
  "8 0 8": {
    "ok": true,
    "ldkit": 1642.034874999983,
    "query": 1470.5469750000047
  },
  "9 0 9": {
    "ok": true,
    "ldkit": 1748.8977749999904,
    "query": 1616.0518125000235
  },
  "10 0 10": {
    "ok": true,
    "ldkit": 1922.745737499994,
    "query": 1792.578037499974
  },
  "1 1 1": {
    "ok": true,
    "ldkit": 382.5155375000031,
    "query": 352.99738750001416
  },
  "2 2 2": {
    "ok": true,
    "ldkit": 744.0240874999727,
    "query": 711.9747500000376
  },
  "3 3 3": {
    "ok": true,
    "ldkit": 1467.3717624999845,
    "query": 1388.840750000003
  },
  "4 4 4": {
    "ok": true,
    "ldkit": 3339.4339499999915,
    "query": 3222.612799999988
  },
  "5 5 5": {
    "ok": true,
    "ldkit": 9547.397549999994,
    "query": 9568.28819999998
  },
  "6 6 6": {
    "ok": false,
    "ldkit": -1,
    "query": -1
  },
  "7 7 7": {
    "ok": false,
    "ldkit": -1,
    "query": -1
  },
  "8 8 8": {
    "ok": false,
    "ldkit": -1,
    "query": -1
  },
  "9 9 9": {
    "ok": false,
    "ldkit": -1,
    "query": -1
  },
  "10 10 10": {
    "ok": false,
    "ldkit": -1,
    "query": -1
  }
}