{
  "1 0 0": {
    "ok": true,
    "ldkit": 125.3561125,
    "query": 92.76656249999985
  },
  "2 0 0": {
    "ok": true,
    "ldkit": 146.30707500000028,
    "query": 108.9394125
  },
  "3 0 0": {
    "ok": true,
    "ldkit": 165.2793125000003,
    "query": 137.64444999999978
  },
  "4 0 0": {
    "ok": true,
    "ldkit": 192.05189999999993,
    "query": 174.5225375
  },
  "5 0 0": {
    "ok": true,
    "ldkit": 228.6790875000006,
    "query": 208.39051249999966
  },
  "6 0 0": {
    "ok": true,
    "ldkit": 261.6477249999998,
    "query": 237.08709999999974
  },
  "7 0 0": {
    "ok": true,
    "ldkit": 278.5881124999996,
    "query": 268.1921624999991
  },
  "8 0 0": {
    "ok": true,
    "ldkit": 318.9909750000006,
    "query": 288.76227500000095
  },
  "9 0 0": {
    "ok": true,
    "ldkit": 346.7820750000001,
    "query": 315.7693374999999
  },
  "10 0 0": {
    "ok": true,
    "ldkit": 373.42453749999913,
    "query": 338.20577499999945
  },
  "0 0 1": {
    "ok": true,
    "ldkit": 266.2802124999989,
    "query": 238.46059999999943
  },
  "0 0 2": {
    "ok": true,
    "ldkit": 362.11783749999995,
    "query": 358.16975
  },
  "0 0 3": {
    "ok": true,
    "ldkit": 496.5346999999965,
    "query": 495.09622500000023
  },
  "0 0 4": {
    "ok": true,
    "ldkit": 658.0126875000005,
    "query": 617.3534624999993
  },
  "0 0 5": {
    "ok": true,
    "ldkit": 768.0673125000012,
    "query": 739.1817625000003
  },
  "0 0 6": {
    "ok": true,
    "ldkit": 915.2503749999996,
    "query": 865.769774999997
  },
  "0 0 7": {
    "ok": true,
    "ldkit": 1057.093037499997,
    "query": 1007.5307499999963
  },
  "0 0 8": {
    "ok": true,
    "ldkit": 1207.0080624999973,
    "query": 1159.2273000000023
  },
  "0 0 9": {
    "ok": true,
    "ldkit": 1354.0509250000068,
    "query": 1263.027837499998
  },
  "0 0 10": {
    "ok": true,
    "ldkit": 1498.5836499999969,
    "query": 1414.8765875000063
  },
  "0 1 0": {
    "ok": true,
    "ldkit": 175.94309999999678,
    "query": 163.17731249999633
  },
  "0 2 0": {
    "ok": true,
    "ldkit": 330.8431999999957,
    "query": 324.65451250000115
  },
  "0 3 0": {
    "ok": true,
    "ldkit": 588.3618624999981,
    "query": 568.2088499999991
  },
  "0 4 0": {
    "ok": true,
    "ldkit": 1281.1556500000079,
    "query": 1252.358612499993
  },
  "0 5 0": {
    "ok": true,
    "ldkit": 3134.912574999995,
    "query": 3106.9908625000025
  },
  "0 6 0": {
    "ok": true,
    "ldkit": 9097.18801249998,
    "query": 9104.659262500005
  },
  "0 7 0": {
    "ok": false,
    "ldkit": -1,
    "query": -1
  },
  "0 8 0": {
    "ok": false,
    "ldkit": -1,
    "query": -1
  },
  "0 9 0": {
    "ok": false,
    "ldkit": -1,
    "query": -1
  },
  "0 10 0": {
    "ok": false,
    "ldkit": -1,
    "query": -1
  },
  "1 0 1": {
    "ok": true,
    "ldkit": 306.6827624999569,
    "query": 256.7828249999875
  },
  "2 0 2": {
    "ok": true,
    "ldkit": 468.5906249999971,
    "query": 429.0295000000042
  },
  "3 0 3": {
    "ok": true,
    "ldkit": 648.0601374999824,
    "query": 625.3284750000021
  },
  "4 0 4": {
    "ok": true,
    "ldkit": 842.2756999999838,
    "query": 792.0479374999995
  },
  "5 0 5": {
    "ok": true,
    "ldkit": 1004.1485625000059,
    "query": 946.4888625000167
  },
  "6 0 6": {
    "ok": true,
    "ldkit": 1193.7576999999874,
    "query": 1132.2487874999933
  },
  "7 0 7": {
    "ok": true,
    "ldkit": 1382.4604125000187,
    "query": 1298.9434125000116
  },
  "8 0 8": {
    "ok": true,
    "ldkit": 1615.4087,
    "query": 1476.0199125000072
  },
  "9 0 9": {
    "ok": true,
    "ldkit": 1747.911737500006,
    "query": 1638.4784249999648
  },
  "10 0 10": {
    "ok": true,
    "ldkit": 1947.042775000009,
    "query": 1815.4263249999785
  },
  "10 1 10": {
    "ok": true,
    "ldkit": 2769.823974999992,
    "query": 2624.2905500000197
  },
  "10 2 10": {
    "ok": true,
    "ldkit": 3183.08308750001,
    "query": 3015.684212500011
  },
  "10 3 10": {
    "ok": true,
    "ldkit": 4254.884612499998,
    "query": 4137.4510375000245
  },
  "10 4 10": {
    "ok": true,
    "ldkit": 7391.460950000008,
    "query": 7208.183950000064
  },
  "10 5 10": {
    "ok": false,
    "ldkit": -1,
    "query": -1
  },
  "10 6 10": {
    "ok": false,
    "ldkit": -1,
    "query": -1
  },
  "10 7 10": {
    "ok": false,
    "ldkit": -1,
    "query": -1
  },
  "10 8 10": {
    "ok": false,
    "ldkit": -1,
    "query": -1
  },
  "10 9 10": {
    "ok": false,
    "ldkit": -1,
    "query": -1
  },
  "10 10 10": {
    "ok": false,
    "ldkit": -1,
    "query": -1
  }
}